{
  "label": "lamR1",
  "n": 30,
  "rmse_phys_mean": 2.5134276698456546,
  "rmse_phys_std": 0.00016180810147668374,
  "rmse_hyb_mean": 1.9013709013227138,
  "rmse_hyb_std": 0.04608663548513732,
  "impr_mean": 0.6120567685229413,
  "impr_std": 0.04598629430955702,
  "win_rate": 1.0
}