{
  "dt": 0.03,
  "beta": 0.5,
  "feat": "linear",
  "lam_P": 0.001,
  "lam_R": 10.0,
  "res_scale": 0.5,
  "clip_r": 1.0,
  "n_d2": 4520,
  "n_res_pairs": 4179,
  "skipped_pairs": 0,
  "n_test_traj_used": 19,
  "rmse_phys_only_raw": 2.513316936057224,
  "rmse_phys_plus_residual_raw": 2.446482586587176,
  "delta_improvement_raw": 0.06683434947004763,
  "train_traj_ids": [
    2,
    11,
    26,
    21,
    10,
    4,
    28,
    16,
    23,
    6,
    18,
    25,
    3,
    29,
    8,
    0,
    19,
    12,
    20,
    13,
    7
  ],
  "val_traj_ids": [
    5,
    17,
    14,
    22
  ],
  "test_traj_ids_intrain": [
    9,
    27,
    24,
    1,
    15
  ],
  "used_test_traj_ids": [
    0,
    1,
    2,
    3,
    4,
    5,
    6,
    7,
    8,
    9,
    10,
    11,
    12,
    13,
    14,
    15,
    16,
    17,
    18
  ]
}