{
  "state_rmse_normalized": 0.8793905775819036,
  "backbone_rmse_cm": 4.655805184805635,
  "tip_rmse_cm": 7.384276329056302,
  "tip_orientation_rmse_deg": 5.163509440390091,
  "final_time_median_shape_rmse_cm": 4.0818384860648145,
  "late_horizon_last_quarter_mean_median_shape_rmse_cm": 4.32033177316114,
  "late_horizon_last_1s_mean_median_shape_rmse_cm": 4.455040413291817,
  "catastrophic_rollout_rate_percent": 0.0,
  "train_best_val_loss": 0.013996394351124763,
  "train_best_epoch": 292,
  "train_epochs_run": 300,
  "hidden": 512,
  "depth": 2,
  "seed": 0
}