{
  "state_rmse": 1.9123844838352602,
  "backbone_rmse": 0.12105733861493463,
  "tip_pos_rmse": 0.2046693031634765,
  "tip_ori_rmse_deg": 22.97905773918125
}