{
  "mode": "fish_1d",
  "train": {
    "dlc_csv": "femoptim_0p25hz__20s_256pwm1_1DLC_resnet101_SoftFishMar2shuffle1_50000_filtered.csv",
    "freq_hz": 0.25,
    "fps": 60.0,
    "pwm": 255.0
  },
  "test": [
    {
      "dlc_csv": "femoptim_0p5hz__20s_256pwm1_1DLC_resnet101_SoftFishMar2shuffle1_50000_filtered.csv",
      "freq_hz": 0.5,
      "rmse_prior": 0.2345226889282828,
      "rmse_residual": 0.3399823658980293,
      "rmse_hybrid": 0.08842722424982567,
      "rmse_residual_demean": 0.2454747504123315,
      "rmse_hybrid_demean": 0.07518604139331,
      "amp_ratio_residual": 2.2609254470607514,
      "amp_ratio_hybrid": 0.7182507142953721
    },
    {
      "dlc_csv": "femoptim_1hz__20s_256pwm1_1DLC_resnet101_SoftFishMar2shuffle1_50000_filtered.csv",
      "freq_hz": 1.0,
      "rmse_prior": 0.20743508619947057,
      "rmse_residual": 0.6847657110886389,
      "rmse_hybrid": 0.10275507548117624,
      "rmse_residual_demean": 0.452726446196163,
      "rmse_hybrid_demean": 0.06693234116664164,
      "amp_ratio_residual": 7.060045444056778,
      "amp_ratio_hybrid": 0.7049559117093551
    }
  ],
  "hyperparams": {
    "beta": 0.1,
    "lam_R": 10.0,
    "lam_P": 0.001,
    "as_signed_u": true
  },
  "notes": [
    "Fish mode uses x=theta (tail-pointer angle). Equilibrium prior uses either: (i) calibrated piecewise steady references estimated from the 0.25 Hz training sequence, or (ii) a signed magnitude map from the one-sided PWM->angle table."
  ]
}