{
  "n": 30,
  "rmse_direct_mean": 1.9426601325363675,
  "rmse_direct_std": 0.049161771505593595
}